{
  "validation": {
    "accuracy": 0.6987577639751553,
    "balanced_accuracy": 0.6962781758471414,
    "macro_f1": 0.5261033267566082,
    "weighted_f1": 0.737062651786603,
    "classification_report": {
      "corporation__commercial_services": {
        "precision": 0.5,
        "recall": 1.0,
        "f1-score": 0.6666666666666666,
        "support": 1.0
      },
      "individual__commercial_services": {
        "precision": 0.9734513274336283,
        "recall": 0.6666666666666666,
        "f1-score": 0.7913669064748201,
        "support": 165.0
      },
      "individual__industrial_ops": {
        "precision": 0.46808510638297873,
        "recall": 0.6875,
        "f1-score": 0.5569620253164557,
        "support": 32.0
      },
      "individual__primary": {
        "precision": 0.631578947368421,
        "recall": 1.0,
        "f1-score": 0.7741935483870968,
        "support": 12.0
      },
      "individual__public_social": {
        "precision": 0.15384615384615385,
        "recall": 0.6666666666666666,
        "f1-score": 0.25,
        "support": 6.0
      },
      "individual__unknown": {
        "precision": 1.0,
        "recall": 0.9285714285714286,
        "f1-score": 0.9629629629629629,
        "support": 14.0
      },
      "llc__commercial_services": {
        "precision": 0.7843137254901961,
        "recall": 0.6896551724137931,
        "f1-score": 0.7339449541284404,
        "support": 58.0
      },
      "llc__industrial_ops": {
        "precision": 0.72,
        "recall": 0.72,
        "f1-score": 0.72,
        "support": 25.0
      },
      "llc__primary": {
        "precision": 0.4444444444444444,
        "recall": 0.8,
        "f1-score": 0.5714285714285714,
        "support": 5.0
      },
      "llc__public_social": {
        "precision": 0.0,
        "recall": 0.0,
        "f1-score": 0.0,
        "support": 2.0
      },
      "llc__unknown": {
        "precision": 0.2,
        "recall": 0.5,
        "f1-score": 0.2857142857142857,
        "support": 2.0
      },
      "partnership__industrial_ops": {
        "precision": 0.0,
        "recall": 0.0,
        "f1-score": 0.0,
        "support": 0.0
      },
      "accuracy": 0.6987577639751553,
      "macro avg": {
        "precision": 0.4896433087471519,
        "recall": 0.6382549945265462,
        "f1-score": 0.5261033267566082,
        "support": 322.0
      },
      "weighted avg": {
        "precision": 0.8220889286427191,
        "recall": 0.6987577639751553,
        "f1-score": 0.737062651786603,
        "support": 322.0
      }
    },
    "confusion_matrix": [
      [
        1,
        0,
        0,
        0,
        0,
        0,
        0,
        0,
        0,
        0,
        0,
        0
      ],
      [
        0,
        110,
        23,
        0,
        20,
        0,
        11,
        0,
        0,
        0,
        0,
        1
      ],
      [
        0,
        0,
        22,
        7,
        0,
        0,
        0,
        0,
        1,
        0,
        0,
        2
      ],
      [
        0,
        0,
        0,
        12,
        0,
        0,
        0,
        0,
        0,
        0,
        0,
        0
      ],
      [
        0,
        1,
        0,
        0,
        4,
        0,
        0,
        0,
        0,
        1,
        0,
        0
      ],
      [
        0,
        0,
        1,
        0,
        0,
        13,
        0,
        0,
        0,
        0,
        0,
        0
      ],
      [
        1,
        2,
        0,
        0,
        0,
        0,
        40,
        6,
        1,
        8,
        0,
        0
      ],
      [
        0,
        0,
        1,
        0,
        0,
        0,
        0,
        18,
        2,
        0,
        4,
        0
      ],
      [
        0,
        0,
        0,
        0,
        0,
        0,
        0,
        1,
        4,
        0,
        0,
        0
      ],
      [
        0,
        0,
        0,
        0,
        2,
        0,
        0,
        0,
        0,
        0,
        0,
        0
      ],
      [
        0,
        0,
        0,
        0,
        0,
        0,
        0,
        0,
        1,
        0,
        1,
        0
      ],
      [
        0,
        0,
        0,
        0,
        0,
        0,
        0,
        0,
        0,
        0,
        0,
        0
      ]
    ]
  },
  "test": {
    "accuracy": 0.7392120075046904,
    "balanced_accuracy": 0.7638205155098787,
    "macro_f1": 0.5940161947292132,
    "weighted_f1": 0.7710657378876808,
    "classification_report": {
      "corporation__commercial_services": {
        "precision": 1.0,
        "recall": 0.5,
        "f1-score": 0.6666666666666666,
        "support": 2.0
      },
      "individual__commercial_services": {
        "precision": 0.9890710382513661,
        "recall": 0.70703125,
        "f1-score": 0.8246013667425968,
        "support": 256.0
      },
      "individual__industrial_ops": {
        "precision": 0.4090909090909091,
        "recall": 0.6585365853658537,
        "f1-score": 0.5046728971962616,
        "support": 41.0
      },
      "individual__primary": {
        "precision": 0.5789473684210527,
        "recall": 1.0,
        "f1-score": 0.7333333333333333,
        "support": 22.0
      },
      "individual__public_social": {
        "precision": 0.1891891891891892,
        "recall": 1.0,
        "f1-score": 0.3181818181818182,
        "support": 7.0
      },
      "individual__unknown": {
        "precision": 1.0,
        "recall": 0.9090909090909091,
        "f1-score": 0.9523809523809523,
        "support": 33.0
      },
      "llc__commercial_services": {
        "precision": 0.8554216867469879,
        "recall": 0.7319587628865979,
        "f1-score": 0.7888888888888889,
        "support": 97.0
      },
      "llc__industrial_ops": {
        "precision": 0.7346938775510204,
        "recall": 0.7346938775510204,
        "f1-score": 0.7346938775510204,
        "support": 49.0
      },
      "llc__primary": {
        "precision": 0.7333333333333333,
        "recall": 0.7857142857142857,
        "f1-score": 0.7586206896551724,
        "support": 14.0
      },
      "llc__public_social": {
        "precision": 0.2777777777777778,
        "recall": 0.625,
        "f1-score": 0.38461538461538464,
        "support": 8.0
      },
      "llc__unknown": {
        "precision": 0.3333333333333333,
        "recall": 0.75,
        "f1-score": 0.46153846153846156,
        "support": 4.0
      },
      "partnership__industrial_ops": {
        "precision": 0.0,
        "recall": 0.0,
        "f1-score": 0.0,
        "support": 0.0
      },
      "accuracy": 0.7392120075046904,
      "macro avg": {
        "precision": 0.5917382094745808,
        "recall": 0.7001688058840555,
        "f1-score": 0.5940161947292132,
        "support": 533.0
      },
      "weighted avg": {
        "precision": 0.847718959345862,
        "recall": 0.7392120075046904,
        "f1-score": 0.7710657378876808,
        "support": 533.0
      }
    },