{
  "folds": [
    {
      "fold": 1,
      "accuracy": 0.6205420827389444,
      "balanced_accuracy": 0.35684359750851274,
      "macro_f1": 0.383287238810052,
      "weighted_f1": 0.5891384635390835
    },
    {
      "fold": 2,
      "accuracy": 0.5948644793152639,
      "balanced_accuracy": 0.3290218837049844,
      "macro_f1": 0.357914812570434,
      "weighted_f1": 0.5670462626494884
    },
    {
      "fold": 3,
      "accuracy": 0.65,
      "balanced_accuracy": 0.37278708133971294,
      "macro_f1": 0.43125353252770476,
      "weighted_f1": 0.6140251345402279
    }
  ],
  "summary": {
    "accuracy": {
      "mean": 0.6218021873514027,
      "std": 0.022526611048860945,
      "min": 0.5948644793152639,
      "max": 0.65
    },
    "balanced_accuracy": {
      "mean": 0.3528841875177367,
      "std": 0.01808509195641546,
      "min": 0.3290218837049844,
      "max": 0.37278708133971294
    },
    "macro_f1": {
      "mean": 0.3908185279693969,
      "std": 0.03041032936951956,
      "min": 0.357914812570434,
      "max": 0.43125353252770476
    },
    "weighted_f1": {
      "mean": 0.5900699535762667,
      "std": 0.019190350983391908,
      "min": 0.5670462626494884,
      "max": 0.6140251345402279
    }
  }
}