{
  "validation": {
    "accuracy": 0.870253164556962,
    "balanced_accuracy": 0.7549591927355377,
    "macro_f1": 0.7505793147548361,
    "weighted_f1": 0.872425618675762,
    "classification_report": {
      "individual__commercial_services": {
        "precision": 0.967741935483871,
        "recall": 0.9316770186335404,
        "f1-score": 0.9493670886075949,
        "support": 161.0
      },
      "individual__industrial_ops": {
        "precision": 0.6216216216216216,
        "recall": 0.7666666666666667,
        "f1-score": 0.6865671641791045,
        "support": 30.0
      },
      "individual__primary": {
        "precision": 0.6875,
        "recall": 0.8461538461538461,
        "f1-score": 0.7586206896551724,
        "support": 13.0
      },
      "individual__public_social": {
        "precision": 0.6666666666666666,
        "recall": 0.4,
        "f1-score": 0.5,
        "support": 5.0
      },
      "individual__unknown": {
        "precision": 1.0,
        "recall": 1.0,
        "f1-score": 1.0,
        "support": 16.0
      },
      "llc__commercial_services": {
        "precision": 0.8947368421052632,
        "recall": 0.864406779661017,
        "f1-score": 0.8793103448275862,
        "support": 59.0
      },
      "llc__industrial_ops": {
        "precision": 0.7307692307692307,
        "recall": 0.7307692307692307,
        "f1-score": 0.7307692307692307,
        "support": 26.0
      },
      "llc__primary": {
        "precision": 0.5,
        "recall": 0.5,
        "f1-score": 0.5,
        "support": 6.0
      },
      "accuracy": 0.870253164556962,
      "macro avg": {
        "precision": 0.7586295370808316,
        "recall": 0.7549591927355377,
        "f1-score": 0.7505793147548361,
        "support": 316.0
      },
      "weighted avg": {
        "precision": 0.8782133141743536,
        "recall": 0.870253164556962,
        "f1-score": 0.872425618675762,
        "support": 316.0
      }
    },
    "confusion_matrix": [
      [
        150,
        8,
        0,
        1,
        0,
        2,
        0,
        0
      ],
      [
        2,
        23,
        2,
        0,
        0,
        1,
        2,
        0
      ],
      [
        1,
        0,
        11,
        0,
        0,
        0,
        0,
        1
      ],
      [
        0,
        2,
        1,
        2,
        0,
        0,
        0,
        0
      ],
      [
        0,
        0,
        0,
        0,
        16,
        0,
        0,
        0
      ],
      [
        2,
        1,
        0,
        0,
        0,
        51,
        4,
        1
      ],
      [
        0,
        3,
        1,
        0,
        0,
        2,
        19,
        1
      ],
      [
        0,
        0,
        1,
        0,
        0,
        1,
        1,
        3
      ]
    ]
  },
  "test": {
    "accuracy": 0.8745247148288974,
    "balanced_accuracy": 0.8252107034570344,
    "macro_f1": 0.8043978658980093,
    "weighted_f1": 0.8754970884909294,
    "classification_report": {
      "individual__commercial_services": {
        "precision": 0.9384057971014492,
        "recall": 0.9217081850533808,
        "f1-score": 0.9299820466786356,
        "support": 281.0
      },
      "individual__industrial_ops": {
        "precision": 0.7872340425531915,
        "recall": 0.6981132075471698,
        "f1-score": 0.74,
        "support": 53.0
      },
      "individual__primary": {
        "precision": 0.6818181818181818,
        "recall": 0.8333333333333334,
        "f1-score": 0.75,
        "support": 18.0
      },
      "individual__public_social": {
        "precision": 0.5714285714285714,
        "recall": 0.8,
        "f1-score": 0.6666666666666666,
        "support": 10.0
      },
      "individual__unknown": {
        "precision": 1.0,
        "recall": 0.9523809523809523,
        "f1-score": 0.975609756097561,
        "support": 21.0
      },
      "llc__commercial_services": {
        "precision": 0.845360824742268,
        "recall": 0.8723404255319149,
        "f1-score": 0.8586387434554974,
        "support": 94.0
      },
      "llc__industrial_ops": {
        "precision": 0.7906976744186046,
        "recall": 0.8095238095238095,
        "f1-score": 0.8,
        "support": 42.0
      },
      "llc__primary": {
        "precision": 0.7142857142857143,
        "recall": 0.7142857142857143,
        "f1-score": 0.7142857142857143,
        "support": 7.0
      },
      "accuracy": 0.8745247148288974,
      "macro avg": {
        "precision": 0.7911538507934976,
        "recall": 0.8252107034570344,
        "f1-score": 0.8043978658980093,
        "support": 526.0
      },
      "weighted avg": {
        "precision": 0.8784708480593041,
        "recall": 0.8745247148288974,
        "f1-score": 0.8754970884909294,
        "support": 526.0
      }
    },
    "confusion_matrix": [
      [
        259,
        8,
        6,
        1,
        0,
        7,
        0,
        0
      ],
      [
        9,
        37,
        1,
        3,
        0,
        0,
        3,
        0
      ],
      [
        1,
        0,
        15,
        1,
        0,
        0,
        0,
        1
      ],
      [
        1,
        1,
        0,
        8,
        0,
        0,
        0,
        0
      ],
      [
        0,
        0,
        0,
        1,
        20,
        0,
        0,
        0
      ],
      [
        6,
        0,
        0,
        0,
        0,
        82,
        5,
        1
      ],
      [
        0,
        1,
        0,
        0,
        0,
        7,
        34,
        0
      ],
      [
        0,
        0,
        0,
        0,
        0,
        1,
        1,
        5
      ]
    ]
  }
}