{
  "validation": {
    "accuracy": 0.9751552795031055,
    "balanced_accuracy": 0.8952915123017003,
    "macro_f1": 0.8787285782083956,
    "weighted_f1": 0.972917554473864,
    "classification_report": {
      "corporation__commercial_services": {
        "precision": 1.0,
        "recall": 1.0,
        "f1-score": 1.0,
        "support": 1.0
      },
      "individual__commercial_services": {
        "precision": 0.9879518072289156,
        "recall": 0.9939393939393939,
        "f1-score": 0.9909365558912386,
        "support": 165.0
      },
      "individual__industrial_ops": {
        "precision": 0.9393939393939394,
        "recall": 0.96875,
        "f1-score": 0.9538461538461539,
        "support": 32.0
      },
      "individual__primary": {
        "precision": 1.0,
        "recall": 1.0,
        "f1-score": 1.0,
        "support": 12.0
      },
      "individual__public_social": {
        "precision": 0.6666666666666666,
        "recall": 1.0,
        "f1-score": 0.8,
        "support": 6.0
      },
      "individual__unknown": {
        "precision": 1.0,
        "recall": 1.0,
        "f1-score": 1.0,
        "support": 14.0
      },
      "llc__commercial_services": {
        "precision": 1.0,
        "recall": 0.9655172413793104,
        "f1-score": 0.9824561403508771,
        "support": 58.0
      },
      "llc__industrial_ops": {
        "precision": 0.9583333333333334,
        "recall": 0.92,
        "f1-score": 0.9387755102040817,
        "support": 25.0
      },
      "llc__primary": {
        "precision": 1.0,
        "recall": 1.0,
        "f1-score": 1.0,
        "support": 5.0
      },
      "llc__public_social": {
        "precision": 0.0,
        "recall": 0.0,
        "f1-score": 0.0,
        "support": 2.0
      },
      "llc__unknown": {
        "precision": 1.0,
        "recall": 1.0,
        "f1-score": 1.0,
        "support": 2.0
      },
      "accuracy": 0.9751552795031055,
      "macro avg": {
        "precision": 0.868395067874805,
        "recall": 0.8952915123017003,
        "f1-score": 0.8787285782083956,
        "support": 322.0
      },
      "weighted avg": {
        "precision": 0.9721459241823306,
        "recall": 0.9751552795031055,
        "f1-score": 0.972917554473864,
        "support": 322.0
      }
    },
    "confusion_matrix": [
      [
        1,
        0,
        0,
        0,
        0,
        0,
        0,
        0,
        0,
        0,
        0
      ],
      [
        0,
        164,
        0,
        0,
        1,
        0,
        0,
        0,
        0,
        0,
        0
      ],
      [
        0,
        0,
        31,
        0,
        0,
        0,
        0,
        1,
        0,
        0,
        0
      ],
      [
        0,
        0,
        0,
        12,
        0,
        0,
        0,
        0,
        0,
        0,
        0
      ],
      [
        0,
        0,
        0,
        0,
        6,
        0,
        0,
        0,
        0,
        0,
        0
      ],
      [
        0,
        0,
        0,
        0,
        0,
        14,
        0,
        0,
        0,
        0,
        0
      ],
      [
        0,
        2,
        0,
        0,
        0,
        0,
        56,
        0,
        0,
        0,
        0
      ],
      [
        0,
        0,
        2,
        0,
        0,
        0,
        0,
        23,
        0,
        0,
        0
      ],
      [
        0,
        0,
        0,
        0,
        0,
        0,
        0,
        0,
        5,
        0,
        0
      ],
      [
        0,
        0,
        0,
        0,
        2,
        0,
        0,
        0,
        0,
        0,
        0
      ],
      [
        0,
        0,
        0,
        0,
        0,
        0,
        0,
        0,
        0,
        0,
        2
      ]
    ]
  },
  "test": {
    "accuracy": 0.9587242026266416,
    "balanced_accuracy": 0.8866935330353919,
    "macro_f1": 0.8806094904354125,
    "weighted_f1": 0.9589885458796085,
    "classification_report": {
      "corporation__commercial_services": {
        "precision": 0.5,
        "recall": 0.5,
        "f1-score": 0.5,
        "support": 2.0
      },
      "individual__commercial_services": {
        "precision": 0.9807692307692307,
        "recall": 0.99609375,
        "f1-score": 0.9883720930232558,
        "support": 256.0
      },
      "individual__industrial_ops": {
        "precision": 0.8367346938775511,
        "recall": 1.0,
        "f1-score": 0.9111111111111111,
        "support": 41.0
      },
      "individual__primary": {
        "precision": 0.88,
        "recall": 1.0,
        "f1-score": 0.9361702127659575,
        "support": 22.0
      },
      "individual__public_social": {
        "precision": 0.7,
        "recall": 1.0,
        "f1-score": 0.8235294117647058,
        "support": 7.0
      },
      "individual__unknown": {
        "precision": 1.0,
        "recall": 0.9393939393939394,
        "f1-score": 0.96875,
        "support": 33.0
      },
      "llc__commercial_services": {
        "precision": 1.0,
        "recall": 0.9278350515463918,
        "f1-score": 0.9625668449197861,
        "support": 97.0
      },
      "llc__industrial_ops": {
        "precision": 0.9761904761904762,
        "recall": 0.8367346938775511,
        "f1-score": 0.9010989010989011,
        "support": 49.0
      },
      "llc__primary": {
        "precision": 1.0,
        "recall": 0.9285714285714286,
        "f1-score": 0.9629629629629629,
        "support": 14.0
      },
      "llc__public_social": {
        "precision": 0.875,
        "recall": 0.875,
        "f1-score": 0.875,
        "support": 8.0
      },
      "llc__unknown": {
        "precision": 1.0,
        "recall": 0.75,
        "f1-score": 0.8571428571428571,
        "support": 4.0
      },
      "accuracy": 0.9587242026266416,
      "macro avg": {
        "precision": 0.8862449455306599,
        "recall": 0.8866935330353919,
        "f1-score": 0.8806094904354125,
        "support": 533.0
      },
      "weighted avg": {
        "precision": 0.9633703168090731,
        "recall": 0.9587242026266416,
        "f1-score": 0.9589885458796085,
        "support": 533.0
      }
    },
    "confusion_matrix": [
      [
        1,
        0,
        0,
        0,
        0,
        0,
        0,
        0,
        0,
        1,
        0
      ],
      [
        0,
        255,
        0,
        0,
        1,
        0,
        0,
        0,
        0,
        0,
        0
      ],
      [
        0,
        0,
        41,
        0,
        0,
        0,
        0,
        0,
        0,
        0,
        0
      ],
      [
        0,
        0,
        0,
        22,
        0,
        0,
        0,
        0,
        0,
        0,
        0
      ],
      [
        0,
        0,
        0,
        0,
        7,
        0,
        0,
        0,
        0,
        0,
        0
      ],
      [
        0,
        0,
        0,
        2,
        0,
        31,
        0,
        0,
        0,
        0,
        0
      ],
      [
        1,
        5,
        0,
        0,
        1,
        0,
        90,
        0,
        0,
        0,
        0
      ],
      [
        0,
        0,
        8,
        0,
        0,
        0,
        0,
        41,
        0,
        0,
        0
      ],
      [
        0,
        0,
        0,
        1,
        0,
        0,
        0,
        0,
        13,
        0,
        0
      ],
      [
        0,
        0,
        0,
        0,
        1,
        0,
        0,
        0,
        0,
        7,
        0
      ],
      [
        0,
        0,
        0,
        0,
        0,
        0,
        0,
        1,
        0,
        0,
        3
      ]
    ]
  },
  "cv_summary": {
    "accuracy": {
      "mean": 0.9505304664183167,
      "std": 0.010602405546116207,
      "min": 0.9393939393939394,
      "max": 0.9673659673659674
    },