{
  "train_losses": [
    1.8851614693911853,
    1.4517874457400963,
    1.240556942388699,
    0.9680029612372464,
    0.7676123532175617,
    0.6675917159136039,
    0.5295804145621826,
    0.4573967989454878,
    0.3928489585606275,
    0.33467212356084675,
    0.2910715189385921,
    0.260807866011595,
    0.25200871197133423,
    0.21495476491907808,
    0.1768536836843341,
    0.18160668472693722,
    0.15697665754517942,
    0.17633236726080584,
    0.13831219648210225,
    0.12789510862958126,
    0.10078424002562231,
    0.0931513714880452,
    0.08737210367888647,
    0.09533208412559409,
    0.08769411709647697,
    0.08498224933931034,
    0.07662802402343089,
    0.07150179357971884,
    0.09153575900303823,
    0.06511956513395235,
    0.0753378997340982,
    0.05748722562097088,
    0.05932991595861626,
    0.053013500197470385,
    0.056750910830123964,
    0.06289727740982612,
    0.0451495370161193
  ],
  "val_losses": [
    1.5783074279374714,
    1.3010171636750427,
    1.1037519521351102,
    0.946800388867342,
    0.8291909438145312,
    0.7226025107540662,
    0.65479887286319,
    0.6116678005532373,
    0.5367812793466109,
    0.5640957725198963,
    0.5090935909295384,
    0.5282194429560553,
    0.5445662963239453,
    0.48664891078502315,
    0.4752143813839442,
    0.4888492728335948,
    0.41850246394736856,
    0.4516922884349582,
    0.49467257080198845,
    0.48213265402407585,
    0.5409285535540762,
    0.5329857992975018,
    0.5398036034046849,
    0.5416371418705469,
    0.5373287423502041,
    0.5250216854524009,
    0.5678261469436597,
    0.5826987397821644,
    0.5548892594590972,
    0.5625890504710281,
    0.5506704577916786,
    0.5156506447097923,
    0.4827928869407388,
    0.5301054325662081,
    0.6129254031030438,
    0.5589192188993285,
    0.5570196567834178
  ],
  "stopped_epoch": 37
}