{
  "validation": {
    "accuracy": 0.4751552795031056,
    "balanced_accuracy": 0.14160761782626985,
    "macro_f1": 0.13781282414107354,
    "weighted_f1": 0.4386295570636337,
    "classification_report": {
      "corporation__commercial_services": {
        "precision": 0.0,
        "recall": 0.0,
        "f1-score": 0.0,
        "support": 1.0
      },
      "individual__commercial_services": {
        "precision": 0.5891089108910891,
        "recall": 0.7212121212121212,
        "f1-score": 0.6485013623978202,
        "support": 165.0
      },
      "individual__industrial_ops": {
        "precision": 0.125,
        "recall": 0.03125,
        "f1-score": 0.05,
        "support": 32.0
      },
      "individual__primary": {
        "precision": 0.0,
        "recall": 0.0,
        "f1-score": 0.0,
        "support": 12.0
      },
      "individual__public_social": {
        "precision": 0.0,
        "recall": 0.0,
        "f1-score": 0.0,
        "support": 6.0
      },
      "individual__unknown": {
        "precision": 0.125,
        "recall": 0.07142857142857142,
        "f1-score": 0.09090909090909091,
        "support": 14.0
      },
      "llc__commercial_services": {
        "precision": 0.3870967741935484,
        "recall": 0.41379310344827586,
        "f1-score": 0.4,
        "support": 58.0
      },
      "llc__industrial_ops": {
        "precision": 0.3333333333333333,
        "recall": 0.32,
        "f1-score": 0.32653061224489793,
        "support": 25.0
      },
      "llc__primary": {
        "precision": 0.0,
        "recall": 0.0,
        "f1-score": 0.0,
        "support": 5.0
      },
      "llc__public_social": {
        "precision": 0.0,
        "recall": 0.0,
        "f1-score": 0.0,
        "support": 2.0
      },
      "llc__unknown": {
        "precision": 0.0,
        "recall": 0.0,
        "f1-score": 0.0,
        "support": 2.0
      },
      "accuracy": 0.4751552795031056,
      "macro avg": {
        "precision": 0.1417762744016337,
        "recall": 0.14160761782626985,
        "f1-score": 0.13781282414107354,
        "support": 322.0
      },
      "weighted avg": {
        "precision": 0.41533514451425096,
        "recall": 0.4751552795031056,
        "f1-score": 0.4386295570636337,
        "support": 322.0
      }
    },
    "confusion_matrix": [
      [
        0,
        0,
        0,
        0,
        0,
        0,
        1,
        0,
        0,
        0,
        0
      ],
      [
        0,
        119,
        6,
        2,
        2,
        2,
        25,
        4,
        2,
        0,
        3
      ],
      [
        0,
        24,
        1,
        0,
        0,
        2,
        3,
        2,
        0,
        0,
        0
      ],
      [
        0,
        9,
        0,
        0,
        1,
        0,
        1,
        1,
        0,
        0,
        0
      ],
      [
        0,
        4,
        0,
        1,
        0,
        0,
        1,
        0,
        0,
        0,
        0
      ],
      [
        0,
        9,
        0,
        1,
        0,
        1,
        0,
        0,
        2,
        0,
        1
      ],
      [
        0,
        22,
        1,
        1,
        0,
        1,
        24,
        8,
        0,
        1,
        0
      ],
      [
        0,
        9,
        0,
        0,
        0,
        1,
        6,
        8,
        1,
        0,
        0
      ],
      [
        0,
        3,
        0,
        0,
        0,
        0,
        1,
        1,
        0,
        0,
        0
      ],
      [
        0,
        2,
        0,
        0,
        0,
        0,
        0,
        0,
        0,
        0,
        0
      ],
      [
        0,
        1,
        0,
        0,
        0,
        1,
        0,
        0,
        0,
        0,
        0
      ]
    ]
  },
  "test": {
    "accuracy": 0.45778611632270166,
    "balanced_accuracy": 0.15408347990624296,
    "macro_f1": 0.16452070764967605,
    "weighted_f1": 0.4174392674359549,
    "classification_report": {
      "corporation__commercial_services": {
        "precision": 0.0,
        "recall": 0.0,
        "f1-score": 0.0,
        "support": 2.0
      },
      "individual__commercial_services": {
        "precision": 0.5659824046920822,
        "recall": 0.75390625,
        "f1-score": 0.6465661641541038,
        "support": 256.0
      },
      "individual__industrial_ops": {
        "precision": 0.1111111111111111,
        "recall": 0.04878048780487805,
        "f1-score": 0.06779661016949153,
        "support": 41.0
      },
      "individual__primary": {
        "precision": 0.15384615384615385,
        "recall": 0.09090909090909091,
        "f1-score": 0.11428571428571428,
        "support": 22.0
      },
      "individual__public_social": {
        "precision": 0.0,
        "recall": 0.0,
        "f1-score": 0.0,
        "support": 7.0
      },
      "individual__unknown": {
        "precision": 0.18181818181818182,
        "recall": 0.06060606060606061,
        "f1-score": 0.09090909090909091,
        "support": 33.0
      },
      "llc__commercial_services": {
        "precision": 0.358695652173913,
        "recall": 0.3402061855670103,
        "f1-score": 0.3492063492063492,
        "support": 97.0
      },
      "llc__industrial_ops": {
        "precision": 0.29411764705882354,
        "recall": 0.20408163265306123,
        "f1-score": 0.24096385542168675,
        "support": 49.0
      },
      "llc__primary": {
        "precision": 0.16666666666666666,
        "recall": 0.07142857142857142,
        "f1-score": 0.1,
        "support": 14.0
      },
      "llc__public_social": {
        "precision": 0.5,
        "recall": 0.125,
        "f1-score": 0.2,
        "support": 8.0
      },
      "llc__unknown": {
        "precision": 0.0,
        "recall": 0.0,
        "f1-score": 0.0,
        "support": 4.0
      },
      "accuracy": 0.45778611632270166,
      "macro avg": {
        "precision": 0.21202161976063022,
        "recall": 0.15408347990624296,
        "f1-score": 0.16452070764967605,
        "support": 533.0
      },
      "weighted avg": {
        "precision": 0.4021955775636571,
        "recall": 0.45778611632270166,
        "f1-score": 0.4174392674359549,
        "support": 533.0
      }
    },
    "confusion_matrix": [
      [
        0,
        1,
        0,
        0,
        0,
        0,
        1,
        0,
        0,
        0,
        0
      ],
      [
        0,
        193,
        7,
        6,
        8,
        3,
        27,
        6,
        1,
        1,
        4
      ],
      [
        0,
        26,
        2,
        1,
        0,
        1,
        9,
        2,
        0,
        0,
        0
      ],
      [
        0,
        16,
        3,
        2,
        0,
        0,
        0,
        1,
        0,
        0,
        0
      ],
      [
        0,
        7,
        0,
        0,
        0,
        0,
        0,
        0,
        0,
        0,
        0
      ],
      [
        0,
        20,
        1,
        0,
        1,
        2,
        4,
        3,
        2,
        0,
        0
      ],
      [
        0,
        44,
        2,
        3,
        2,
        2,
        33,
        10,
        1,
        0,
        0
      ],
      [
        0,
        22,
        3,
        0,
        0,
        2,
        11,
        10,
        1,
        0,
        0
      ],
      [
        0,
        7,
        0,
        1,
        0,
        1,
        4,
        0,
        1,
        0,
        0
      ],
      [
        0,
        4,
        0,
        0,
        1,
        0,
        1,
        1,
        0,
        1,
        0
      ],
      [
        0,
        1,
        0,
        0,
        0,
        0,
        2,
        1,
        0,
        0,
        0
      ]
    ]
  },
  "cv_summary": {
    "accuracy": {
      "mean": 0.48015598109056057,
      "std": 0.02662503005717141,
      "min": 0.4322429906542056,